customer_id_legacy,transaction_id,purchase_amount,purchase_date,product_category,customer_rating,rating_was_imputed,customer_key,engagement_mean,engagement_max,purchase_interest_mean,purchase_interest_max,sentiment_mean,n_platforms,n_social_records,primary_platform,sentiment_share_Negative,sentiment_share_Neutral,sentiment_share_Positive,has_social_profile,purchase_month,purchase_dayofweek,is_weekend,customer_txn_count,customer_avg_amount,customer_total_spend,customer_amount_std,amount_vs_customer_avg,amount_zscore,engagement_x_interest,interest_per_platform,rating_vs_sentiment_gap,spend_per_engagement,high_intent,amount_band
100,1113,172,2024-04-22,Clothing,4.0,0,A100,77.0,81.0,4.4,4.4,-0.5,2.0,2.0,Instagram,0.5,0.5,0.0,1,4,0,0,2,279.5,559,152.02795795510772,0.6153846153846154,-0.7071067811865475,338.8,2.2,2.125,2.2337662337662336,1,medium
100,1147,387,2024-05-26,Books,4.6,0,A100,77.0,81.0,4.4,4.4,-0.5,2.0,2.0,Instagram,0.5,0.5,0.0,1,5,6,1,2,279.5,559,152.02795795510772,1.3846153846153846,0.7071067811865475,338.8,2.2,2.7249999999999996,5.025974025974026,1,high
101,1017,271,2024-01-17,Books,2.1,0,A101,68.0,68.0,1.0,1.0,0.0,1.0,1.0,Twitter,0.0,1.0,0.0,1,1,2,0,4,254.0,1016,115.07968253924467,1.0669291338582678,0.14772373041785747,68.0,1.0,-0.3999999999999999,3.985294117647059,0,medium
101,1021,192,2024-01-21,Groceries,3.4,0,A101,68.0,68.0,1.0,1.0,0.0,1.0,1.0,Twitter,0.0,1.0,0.0,1,1,6,1,4,254.0,1016,115.07968253924467,0.7559055118110236,-0.5387571344651273,68.0,1.0,0.8999999999999999,2.823529411764706,0,medium
101,1059,408,2024-02-28,Books,2.5,0,A101,68.0,68.0,1.0,1.0,0.0,1.0,1.0,Twitter,0.0,1.0,0.0,1,2,2,0,4,254.0,1016,115.07968253924467,1.6062992125984252,1.3382032049617678,68.0,1.0,0.0,6.0,0,premium
101,1073,145,2024-03-13,Books,2.1,0,A101,68.0,68.0,1.0,1.0,0.0,1.0,1.0,Twitter,0.0,1.0,0.0,1,3,2,0,4,254.0,1016,115.07968253924467,0.5708661417322834,-0.947169800914498,68.0,1.0,-0.3999999999999999,2.1323529411764706,0,low
102,1014,101,2024-01-14,Electronics,3.2,0,A102,51.0,51.0,4.8,4.8,0.0,1.0,1.0,LinkedIn,0.0,1.0,0.0,1,1,6,1,3,189.66666666666666,569,164.96161169597409,0.5325131810193322,-0.5374987899007693,244.79999999999998,4.8,0.7000000000000002,1.9803921568627452,1,low
102,1045,380,2024-02-14,Electronics,4.4,0,A102,51.0,51.0,4.8,4.8,0.0,1.0,1.0,LinkedIn,0.0,1.0,0.0,1,2,2,0,3,189.66666666666666,569,164.96161169597409,2.0035149384885766,1.1538037933584184,244.79999999999998,4.8,1.9000000000000004,7.450980392156863,1,high
102,1146,88,2024-05-25,Sports,2.7,0,A102,51.0,51.0,4.8,4.8,0.0,1.0,1.0,LinkedIn,0.0,1.0,0.0,1,5,5,1,3,189.66666666666666,569,164.96161169597409,0.4639718804920914,-0.6163050034576489,244.79999999999998,4.8,0.20000000000000018,1.7254901960784315,1,low
103,1052,426,2024-02-21,Groceries,4.8,0,A103,64.33333333333333,77.0,2.8666666666666667,3.6,0.3333333333333333,2.0,3.0,Instagram,0.3333333333333333,0.0,0.6666666666666666,1,2,2,0,3,265.6666666666667,797,140.82731742575137,1.603513174404015,1.1385101716353159,184.42222222222222,1.4333333333333333,1.8833333333333329,6.6217616580310885,0,premium
103,1072,209,2024-03-12,Sports,4.3,0,A103,64.33333333333333,77.0,2.8666666666666667,3.6,0.3333333333333333,2.0,3.0,Instagram,0.3333333333333333,0.0,0.6666666666666666,1,3,1,0,3,265.6666666666667,797,140.82731742575137,0.7867001254705144,-0.40238405234512226,184.42222222222222,1.4333333333333333,1.3833333333333329,3.2487046632124357,0,medium
103,1076,162,2024-03-16,Sports,3.5,0,A103,64.33333333333333,77.0,2.8666666666666667,3.6,0.3333333333333333,2.0,3.0,Instagram,0.3333333333333333,0.0,0.6666666666666666,1,3,5,1,3,265.6666666666667,797,140.82731742575137,0.6097867001254704,-0.7361261192901941,184.42222222222222,1.4333333333333333,0.583333333333333,2.518134715025907,0,medium
104,1123,289,2024-05-02,Clothing,1.5,0,A104,83.0,91.0,2.9333333333333336,4.6,-0.6666666666666666,2.0,3.0,Twitter,0.6666666666666666,0.3333333333333333,0.0,1,5,3,0,2,349.0,698,84.8528137423857,0.828080229226361,-0.7071067811865475,243.4666666666667,1.4666666666666668,-0.16666666666666696,3.4819277108433737,0,medium
104,1148,409,2024-05-27,Clothing,1.4,0,A104,83.0,91.0,2.9333333333333336,4.6,-0.6666666666666666,2.0,3.0,Twitter,0.6666666666666666,0.3333333333333333,0.0,1,5,0,0,2,349.0,698,84.8528137423857,1.171919770773639,0.7071067811865475,243.4666666666667,1.4666666666666668,-0.26666666666666705,4.927710843373494,0,premium
105,1074,282,2024-03-14,Books,1.5,0,A105,51.0,52.0,4.25,4.9,0.0,2.0,2.0,Instagram,0.0,1.0,0.0,1,3,3,0,1,282.0,282,0.0,1.0,0.0,216.75,2.125,-1.0,5.529411764705882,1,medium
106,1047,397,2024-02-16,Sports,1.7,0,A106,99.0,99.0,4.2,4.2,-1.0,1.0,1.0,Facebook,1.0,0.0,0.0,1,2,4,0,2,323.5,647,103.94469683442249,1.2272024729520865,0.7071067811865476,415.8,4.2,0.44999999999999996,4.01010101010101,1,high
106,1126,250,2024-05-05,Clothing,3.5,0,A106,99.0,99.0,4.2,4.2,-1.0,1.0,1.0,Facebook,1.0,0.0,0.0,1,5,6,1,2,323.5,647,103.94469683442249,0.7727975270479135,-0.7071067811865476,415.8,4.2,2.25,2.525252525252525,1,medium
107,1065,274,2024-03-05,Books,1.1,0,A107,77.0,96.0,3.5,4.4,0.6666666666666666,2.0,3.0,Twitter,0.0,0.3333333333333333,0.6666666666666666,1,3,1,0,3,381.6666666666667,1145,94.36277514641742,0.7179039301310043,-1.1409866496572019,269.5,1.75,-2.233333333333333,3.5584415584415585,1,medium
107,1114,450,2024-04-23,Electronics,4.2,0,A107,77.0,96.0,3.5,4.4,0.6666666666666666,2.0,3.0,Twitter,0.0,0.3333333333333333,0.6666666666666666,1,4,1,0,3,381.6666666666667,1145,94.36277514641742,1.1790393013100435,0.7241556135595241,269.5,1.75,0.8666666666666671,5.8441558441558445,1,premium
107,1119,421,2024-04-28,Sports,3.2,0,A107,77.0,96.0,3.5,4.4,0.6666666666666666,2.0,3.0,Twitter,0.0,0.3333333333333333,0.6666666666666666,1,4,6,1,3,381.6666666666667,1145,94.36277514641742,1.1030567685589519,0.4168310360976772,269.5,1.75,-0.13333333333333286,5.467532467532467,1,premium
108,1056,165,2024-02-25,Groceries,2.8,0,A108,77.0,82.0,3.1333333333333333,3.8,0.0,1.0,2.0,None,0.0,0.0,0.3333333333333333,0,2,6,1,2,208.5,417,61.518289963229634,0.7913669064748201,-0.7071067811865476,241.26666666666665,3.1333333333333333,0.2999999999999998,2.142857142857143,0,medium
108,1111,252,2024-04-20,Books,2.3,0,A108,77.0,82.0,3.1333333333333333,3.8,0.0,1.0,2.0,None,0.0,0.0,0.3333333333333333,0,4,5,1,2,208.5,417,61.518289963229634,1.20863309352518,0.7071067811865476,241.26666666666665,3.1333333333333333,-0.20000000000000018,3.272727272727273,0,medium
110,1117,329,2024-04-26,Sports,3.0,0,A110,77.0,82.0,3.1333333333333333,3.8,0.0,1.0,2.0,None,0.0,0.0,0.3333333333333333,0,4,4,0,1,329.0,329,0.0,1.0,0.0,241.26666666666665,3.1333333333333333,0.5,4.2727272727272725,0,high
111,1129,375,2024-05-08,Clothing,3.8,0,A111,98.0,98.0,4.1,4.1,-1.0,1.0,1.0,Instagram,1.0,0.0,0.0,1,5,2,0,1,375.0,375,0.0,1.0,0.0,401.79999999999995,4.1,2.55,3.826530612244898,1,high
113,1055,170,2024-02-24,Groceries,3.6,0,A113,74.0,98.0,1.85,2.7,0.5,2.0,2.0,Facebook,0.0,0.5,0.5,1,2,5,1,3,325.0,975,159.6903253174719,0.5230769230769231,-0.9706286194348511,136.9,0.925,0.4750000000000001,2.2972972972972974,0,medium
113,1087,489,2024-03-27,Books,4.1,0,A113,74.0,98.0,1.85,2.7,0.5,2.0,2.0,Facebook,0.0,0.5,0.5,1,3,2,0,3,325.0,975,159.6903253174719,1.5046153846153847,1.0269877005633263,136.9,0.925,0.9749999999999996,6.608108108108108,0,premium
113,1150,316,2024-05-29,Clothing,1.0,0,A113,74.0,98.0,1.85,2.7,0.5,2.0,2.0,Facebook,0.0,0.5,0.5,1,5,2,0,3,325.0,975,159.6903253174719,0.9723076923076923,-0.05635908112847523,136.9,0.925,-2.125,4.27027027027027,0,high
114,1003,442,2024-01-03,Electronics,2.1,0,A114,87.0,87.0,4.8,4.8,-1.0,1.0,1.0,Facebook,1.0,0.0,0.0,1,1,2,0,4,258.5,1034,127.56305630288628,1.7098646034816247,1.438504260703011,417.59999999999997,4.8,0.8500000000000001,5.080459770114943,1,premium
114,1037,183,2024-02-06,Clothing,2.7,0,A114,87.0,87.0,4.8,4.8,-1.0,1.0,1.0,Facebook,1.0,0.0,0.0,1,2,1,0,4,258.5,1034,127.56305630288628,0.7079303675048356,-0.5918641508614568,417.59999999999997,4.8,1.4500000000000002,2.103448275862069,1,medium
114,1090,162,2024-03-30,Clothing,4.4,0,A114,87.0,87.0,4.8,4.8,-1.0,1.0,1.0,Facebook,1.0,0.0,0.0,1,3,5,1,4,258.5,1034,127.56305630288628,0.6266924564796905,-0.7564886166639813,417.59999999999997,4.8,3.1500000000000004,1.8620689655172413,1,medium
114,1106,247,2024-04-15,Clothing,4.8,0,A114,87.0,87.0,4.8,4.8,-1.0,1.0,1.0,Facebook,1.0,0.0,0.0,1,4,0,0,4,258.5,1034,127.56305630288628,0.9555125725338491,-0.0901514931775729,417.59999999999997,4.8,3.55,2.839080459770115,1,medium
117,1051,434,2024-02-20,Sports,3.3,0,A117,88.0,98.0,3.8499999999999996,3.9,0.0,1.0,2.0,LinkedIn,0.0,1.0,0.0,1,2,1,0,2,375.5,751,82.73149339882606,1.1557922769640478,0.7071067811865476,338.79999999999995,3.8499999999999996,0.7999999999999998,4.931818181818182,1,premium
117,1080,317,2024-03-20,Electronics,2.1,0,A117,88.0,98.0,3.8499999999999996,3.9,0.0,1.0,2.0,LinkedIn,0.0,1.0,0.0,1,3,2,0,2,375.5,751,82.73149339882606,0.844207723035952,-0.7071067811865476,338.79999999999995,3.8499999999999996,-0.3999999999999999,3.602272727272727,1,high
120,1006,395,2024-01-06,Groceries,1.1,0,A120,77.0,92.0,2.6666666666666665,3.6,1.0,2.0,3.0,Instagram,0.0,0.0,1.0,1,1,5,1,3,253.33333333333334,760,156.7109866388867,1.5592105263157894,0.9039995835972428,205.33333333333331,1.3333333333333333,-2.65,5.12987012987013,0,high
120,1024,85,2024-01-24,Sports,2.4,0,A120,77.0,92.0,2.6666666666666665,3.6,1.0,2.0,3.0,Instagram,0.0,0.0,1.0,1,1,2,0,3,253.33333333333334,760,156.7109866388867,0.3355263157894737,-1.0741642110979004,205.33333333333331,1.3333333333333333,-1.35,1.103896103896104,0,low
120,1048,280,2024-02-17,Groceries,1.3,0,A120,77.0,92.0,2.6666666666666665,3.6,1.0,2.0,3.0,Instagram,0.0,0.0,1.0,1,2,5,1,3,253.33333333333334,760,156.7109866388867,1.1052631578947367,0.17016462750065742,205.33333333333331,1.3333333333333333,-2.45,3.6363636363636362,0,medium
121,1015,145,2024-01-15,Sports,3.9,0,A121,84.5,95.0,3.35,3.5,0.5,2.0,2.0,TikTok,0.0,0.5,0.5,1,1,0,0,2,190.5,381,64.34671708797582,0.7611548556430446,-0.7071067811865476,283.075,1.675,0.7749999999999999,1.7159763313609468,0,low
121,1028,236,2024-01-28,Electronics,1.2,0,A121,84.5,95.0,3.35,3.5,0.5,2.0,2.0,TikTok,0.0,0.5,0.5,1,1,6,1,2,190.5,381,64.34671708797582,1.2388451443569555,0.7071067811865476,283.075,1.675,-1.925,2.7928994082840237,0,medium
122,1133,301,2024-05-12,Groceries,1.3,0,A122,81.0,85.0,2.95,4.2,0.0,2.0,2.0,Instagram,0.0,1.0,0.0,1,5,6,1,1,301.0,301,0.0,1.0,0.0,238.95000000000002,1.475,-1.2,3.7160493827160495,0,high
123,1013,290,2024-01-13,Clothing,2.0,0,A123,77.0,82.0,3.1333333333333333,3.8,0.0,1.0,2.0,None,0.0,0.0,0.3333333333333333,0,1,5,1,2,232.5,465,81.31727983645297,1.2473118279569892,0.7071067811865475,241.26666666666665,3.1333333333333333,-0.5,3.7662337662337664,0,medium
123,1100,175,2024-04-09,Clothing,2.6,0,A123,77.0,82.0,3.1333333333333333,3.8,0.0,1.0,2.0,None,0.0,0.0,0.3333333333333333,0,4,1,0,2,232.5,465,81.31727983645297,0.7526881720430108,-0.7071067811865475,241.26666666666665,3.1333333333333333,0.10000000000000009,2.272727272727273,0,medium
125,1101,179,2024-04-10,Electronics,2.95,1,A125,66.5,77.0,3.825,4.9,0.75,3.0,4.0,Twitter,0.0,0.25,0.75,1,4,2,0,1,179.0,179,0.0,1.0,0.0,254.3625,1.2750000000000001,-0.4874999999999998,2.691729323308271,1,medium
127,1125,146,2024-05-04,Electronics,4.0,0,A127,67.5,78.0,3.7,4.0,0.0,2.0,2.0,Instagram,0.5,0.0,0.5,1,5,5,1,1,146.0,146,0.0,1.0,0.0,249.75,1.85,1.5,2.162962962962963,1,low
128,1105,209,2024-04-14,Books,4.8,0,A128,98.0,98.0,3.5,3.5,1.0,1.0,1.0,Facebook,0.0,0.0,1.0,1,4,6,1,1,209.0,209,0.0,1.0,0.0,343.0,3.5,1.0499999999999998,2.13265306122449,1,medium
129,1019,280,2024-01-19,Electronics,4.0,0,A129,54.0,54.0,4.5,4.5,0.0,1.0,1.0,Twitter,0.0,1.0,0.0,1,1,4,0,1,280.0,280,0.0,1.0,0.0,243.0,4.5,1.5,5.185185185185185,1,medium
132,1025,62,2024-01-25,Electronics,4.0,0,A132,63.0,63.0,3.3,3.3,1.0,1.0,1.0,LinkedIn,0.0,0.0,1.0,1,1,3,0,3,271.3333333333333,814,193.6216241366995,0.2285012285012285,-1.0811464590625535,207.89999999999998,3.3,0.25,0.9841269841269841,0,low
132,1122,444,2024-05-01,Clothing,2.4,0,A132,63.0,63.0,3.3,3.3,1.0,1.0,1.0,LinkedIn,0.0,0.0,1.0,1,5,2,0,3,271.3333333333333,814,193.6216241366995,1.6363636363636365,0.8917736716471383,207.89999999999998,3.3,-1.35,7.0476190476190474,0,premium
132,1131,308,2024-05-10,Sports,4.3,0,A132,63.0,63.0,3.3,3.3,1.0,1.0,1.0,LinkedIn,0.0,0.0,1.0,1,5,4,0,3,271.3333333333333,814,193.6216241366995,1.1351351351351353,0.18937278741541555,207.89999999999998,3.3,0.5499999999999998,4.888888888888889,0,high
133,1083,436,2024-03-23,Sports,4.2,0,A133,65.0,72.0,3.1333333333333333,4.8,0.3333333333333333,2.0,3.0,Twitter,0.3333333333333333,0.0,0.6666666666666666,1,3,5,1,2,417.0,834,26.870057685088806,1.0455635491606714,0.7071067811865475,203.66666666666666,1.5666666666666667,1.2833333333333332,6.707692307692308,0,premium
133,1130,398,2024-05-09,Electronics,1.3,0,A133,65.0,72.0,3.1333333333333333,4.8,0.3333333333333333,2.0,3.0,Twitter,0.3333333333333333,0.0,0.6666666666666666,1,5,3,0,2,417.0,834,26.870057685088806,0.9544364508393285,-0.7071067811865475,203.66666666666666,1.5666666666666667,-1.616666666666667,6.123076923076923,0,high
134,1067,283,2024-03-07,Sports,3.7,0,A134,77.0,82.0,3.1333333333333333,3.8,0.0,1.0,2.0,None,0.0,0.0,0.3333333333333333,0,3,3,0,4,231.25,925,58.60816211643791,1.2237837837837837,0.8829828155536993,241.26666666666665,3.1333333333333333,1.2000000000000002,3.675324675324675,0,medium
134,1120,147,2024-04-29,Groceries,2.8,0,A134,77.0,82.0,3.1333333333333333,3.8,0.0,1.0,2.0,None,0.0,0.0,0.3333333333333333,0,4,0,0,4,231.25,925,58.60816211643791,0.6356756756756756,-1.4375130861912881,241.26666666666665,3.1333333333333333,0.2999999999999998,1.9090909090909092,0,low
134,1121,247,2024-04-30,Sports,4.6,0,A134,77.0,82.0,3.1333333333333333,3.8,0.0,1.0,2.0,None,0.0,0.0,0.3333333333333333,0,4,1,0,4,231.25,925,58.60816211643791,1.068108108108108,0.2687339003859085,241.26666666666665,3.1333333333333333,2.0999999999999996,3.207792207792208,0,medium
134,1141,248,2024-05-20,Books,4.0,0,A134,77.0,82.0,3.1333333333333333,3.8,0.0,1.0,2.0,None,0.0,0.0,0.3333333333333333,0,5,0,0,4,231.25,925,58.60816211643791,1.0724324324324324,0.2857963702516804,241.26666666666665,3.1333333333333333,1.5,3.220779220779221,0,medium
135,1070,364,2024-03-10,Electronics,2.95,1,A135,50.0,50.0,1.6,1.6,1.0,1.0,1.0,TikTok,0.0,0.0,1.0,1,3,6,1,1,364.0,364,0.0,1.0,0.0,80.0,1.6,-0.7999999999999998,7.28,0,high
136,1136,452,2024-05-15,Electronics,2.5,0,A136,77.0,82.0,3.1333333333333333,3.8,0.0,1.0,2.0,None,0.0,0.0,0.3333333333333333,0,5,2,0,1,452.0,452,0.0,1.0,0.0,241.26666666666665,3.1333333333333333,0.0,5.87012987012987,0,premium
137,1020,286,2024-01-20,Electronics,3.2,0,A137,96.0,99.0,3.3,3.5,0.5,2.0,2.0,TikTok,0.0,0.5,0.5,1,1,5,1,1,286.0,286,0.0,1.0,0.0,316.79999999999995,1.65,0.07500000000000018,2.9791666666666665,0,medium
138,1050,274,2024-02-19,Electronics,1.1,0,A138,88.0,88.0,3.5,3.5,1.0,1.0,1.0,LinkedIn,0.0,0.0,1.0,1,2,0,0,1,274.0,274,0.0,1.0,0.0,308.0,3.5,-2.65,3.1136363636363638,1,medium
139,1095,392,2024-04-04,Clothing,4.6,0,A139,72.0,72.0,4.0,4.0,-1.0,1.0,1.0,Twitter,1.0,0.0,0.0,1,4,3,0,1,392.0,392,0.0,1.0,0.0,288.0,4.0,3.3499999999999996,5.444444444444445,1,high
140,1104,267,2024-04-13,Groceries,2.3,0,A140,86.0,86.0,3.1,3.1,-1.0,1.0,1.0,LinkedIn,1.0,0.0,0.0,1,4,5,1,2,230.0,460,52.32590180780452,1.1608695652173913,0.7071067811865475,266.6,3.1,1.0499999999999998,3.104651162790698,0,medium
140,1124,193,2024-05-03,Groceries,1.6,0,A140,86.0,86.0,3.1,3.1,-1.0,1.0,1.0,LinkedIn,1.0,0.0,0.0,1,5,4,0,2,230.0,460,52.32590180780452,0.8391304347826087,-0.7071067811865475,266.6,3.1,0.3500000000000001,2.244186046511628,0,medium
141,1033,219,2024-02-02,Groceries,1.4,0,A141,94.5,96.0,3.3499999999999996,3.9,-0.5,2.0,2.0,LinkedIn,0.5,0.5,0.0,1,2,4,0,1,219.0,219,0.0,1.0,0.0,316.575,1.6749999999999998,-0.4750000000000001,2.3174603174603177,0,medium
143,1064,214,2024-03-04,Sports,1.4,0,A143,68.0,68.0,1.2,1.2,-1.0,1.0,1.0,Instagram,1.0,0.0,0.0,1,3,0,0,3,281.6666666666667,845,133.09520402078107,0.7597633136094674,-0.5084080013589477,81.6,1.2,0.1499999999999999,3.1470588235294117,0,medium
143,1082,435,2024-03-22,Groceries,4.0,0,A143,68.0,68.0,1.2,1.2,-1.0,1.0,1.0,Instagram,1.0,0.0,0.0,1,3,4,0,3,281.6666666666667,845,133.09520402078107,1.544378698224852,1.1520575400252013,81.6,1.2,2.75,6.397058823529412,0,premium
143,1138,196,2024-05-17,Sports,4.3,0,A143,68.0,68.0,1.2,1.2,-1.0,1.0,1.0,Instagram,1.0,0.0,0.0,1,5,4,0,3,281.6666666666667,845,133.09520402078107,0.6958579881656805,-0.643649538666254,81.6,1.2,3.05,2.8823529411764706,0,medium
144,1107,465,2024-04-16,Clothing,3.3,0,A144,70.0,70.0,1.3,1.3,1.0,1.0,1.0,Twitter,0.0,0.0,1.0,1,4,1,0,1,465.0,465,0.0,1.0,0.0,91.0,1.3,-0.4500000000000002,6.642857142857143,0,premium
146,1040,157,2024-02-09,Books,3.5,0,A146,75.0,81.0,3.4,3.9,-0.5,2.0,2.0,Facebook,0.5,0.5,0.0,1,2,4,0,3,328.6666666666667,986,159.7633666812681,0.47768762677484783,-1.0745058158992478,255.0,1.7,1.625,2.0933333333333333,0,medium
146,1066,356,2024-03-06,Groceries,1.4,0,A146,75.0,81.0,3.4,3.9,-0.5,2.0,2.0,Facebook,0.5,0.5,0.0,1,3,2,0,3,328.6666666666667,986,159.7633666812681,1.0831643002028397,0.17108636291988008,255.0,1.7,-0.4750000000000001,4.746666666666667,0,high
146,1144,473,2024-05-23,Sports,4.1,0,A146,75.0,81.0,3.4,3.9,-0.5,2.0,2.0,Facebook,0.5,0.5,0.0,1,5,3,0,3,328.6666666666667,986,159.7633666812681,1.4391480730223123,0.9034194529793673,255.0,1.7,2.2249999999999996,6.306666666666667,0,premium
147,1089,236,2024-03-29,Groceries,2.8,1,A147,77.0,77.0,1.5,1.5,0.0,1.0,1.0,Twitter,0.0,1.0,0.0,1,3,4,0,2,216.5,433,27.577164466275352,1.090069284064665,0.7071067811865476,115.5,1.5,0.2999999999999998,3.064935064935065,0,medium
147,1132,197,2024-05-11,Clothing,3.8,0,A147,77.0,77.0,1.5,1.5,0.0,1.0,1.0,Twitter,0.0,1.0,0.0,1,5,5,1,2,216.5,433,27.577164466275352,0.9099307159353349,-0.7071067811865476,115.5,1.5,1.2999999999999998,2.5584415584415585,0,medium
148,1030,135,2024-01-30,Sports,4.4,0,A148,75.0,75.0,1.7,1.7,0.0,1.0,1.0,Facebook,0.0,1.0,0.0,1,1,1,0,1,135.0,135,0.0,1.0,0.0,127.5,1.7,1.9000000000000004,1.8,0,low
149,1071,423,2024-03-11,Sports,1.1,0,A149,51.0,51.0,1.3,1.3,1.0,1.0,1.0,Facebook,0.0,0.0,1.0,1,3,0,0,1,423.0,423,0.0,1.0,0.0,66.3,1.3,-2.65,8.294117647058824,0,premium
150,1042,389,2024-02-11,Sports,3.25,1,A150,83.0,96.0,2.733333333333333,3.6,0.3333333333333333,2.0,3.0,Facebook,0.0,0.6666666666666666,0.3333333333333333,1,2,6,1,2,283.0,566,149.90663761154806,1.3745583038869258,0.7071067811865476,226.86666666666665,1.3666666666666665,0.33333333333333304,4.686746987951807,0,high
150,1046,177,2024-02-15,Books,3.6,0,A150,83.0,96.0,2.733333333333333,3.6,0.3333333333333333,2.0,3.0,Facebook,0.0,0.6666666666666666,0.3333333333333333,1,2,3,0,2,283.0,566,149.90663761154806,0.6254416961130742,-0.7071067811865476,226.86666666666665,1.3666666666666665,0.6833333333333331,2.1325301204819276,0,medium
151,1001,408,2024-01-01,Sports,2.3,0,A151,71.66666666666667,82.0,2.1666666666666665,3.6,-0.3333333333333333,2.0,3.0,Twitter,0.3333333333333333,0.6666666666666666,0.0,1,1,0,0,1,408.0,408,0.0,1.0,0.0,155.27777777777777,1.0833333333333333,0.21666666666666634,5.693023255813953,0,premium
152,1016,437,2024-01-16,Books,3.6,0,A152,88.0,95.0,4.15,4.2,1.0,2.0,2.0,Facebook,0.0,0.0,1.0,1,1,1,0,3,399.0,1197,79.16438593205912,1.0952380952380953,0.4800138288524408,365.20000000000005,2.075,-0.1499999999999999,4.965909090909091,1,premium
152,1058,308,2024-02-27,Clothing,4.8,0,A152,88.0,95.0,4.15,4.2,1.0,2.0,2.0,Facebook,0.0,0.0,1.0,1,2,1,0,3,399.0,1197,79.16438593205912,0.7719298245614035,-1.1495068006729503,365.20000000000005,2.075,1.0499999999999998,3.5,1,high
152,1099,452,2024-04-08,Clothing,4.6,0,A152,88.0,95.0,4.15,4.2,1.0,2.0,2.0,Facebook,0.0,0.0,1.0,1,4,0,0,3,399.0,1197,79.16438593205912,1.1328320802005012,0.6694929718205096,365.20000000000005,2.075,0.8499999999999996,5.136363636363637,1,premium
153,1075,229,2024-03-15,Groceries,3.8,0,A153,77.0,82.0,3.1333333333333333,3.8,0.0,1.0,2.0,None,0.0,0.0,0.3333333333333333,0,3,4,0,2,298.0,596,97.58073580374356,0.7684563758389261,-0.7071067811865475,241.26666666666665,3.1333333333333333,1.2999999999999998,2.9740259740259742,0,medium
153,1077,367,2024-03-17,Electronics,4.5,0,A153,77.0,82.0,3.1333333333333333,3.8,0.0,1.0,2.0,None,0.0,0.0,0.3333333333333333,0,3,6,1,2,298.0,596,97.58073580374356,1.2315436241610738,0.7071067811865475,241.26666666666665,3.1333333333333333,2.0,4.766233766233766,0,high
154,1043,335,2024-02-12,Electronics,2.95,1,A154,72.0,72.0,2.9,2.9,1.0,1.0,1.0,TikTok,0.0,0.0,1.0,1,2,0,0,1,335.0,335,0.0,1.0,0.0,208.79999999999998,2.9,-0.7999999999999998,4.652777777777778,0,high
157,1027,376,2024-01-27,Groceries,1.5,0,A157,77.0,82.0,3.1333333333333333,3.8,0.0,1.0,2.0,None,0.0,0.0,0.3333333333333333,0,1,5,1,1,376.0,376,0.0,1.0,0.0,241.26666666666665,3.1333333333333333,-1.0,4.883116883116883,0,high
158,1032,115,2024-02-01,Electronics,2.9,0,A158,75.66666666666667,83.0,2.9,4.5,0.0,3.0,3.0,Twitter,0.3333333333333333,0.3333333333333333,0.3333333333333333,1,2,3,0,1,115.0,115,0.0,1.0,0.0,219.43333333333334,0.9666666666666667,0.3999999999999999,1.5198237885462553,0,low
159,1023,78,2024-01-23,Groceries,2.0,0,A159,77.0,82.0,3.1333333333333333,3.8,0.0,1.0,2.0,None,0.0,0.0,0.3333333333333333,0,1,1,0,5,218.2,1091,164.93241039892675,0.35747021081576535,-0.8500451770570395,241.26666666666665,3.1333333333333333,-0.5,1.0129870129870129,0,low
159,1035,111,2024-02-04,Books,2.9,0,A159,77.0,82.0,3.1333333333333333,3.8,0.0,1.0,2.0,None,0.0,0.0,0.3333333333333333,0,2,6,1,5,218.2,1091,164.93241039892675,0.5087076076993584,-0.6499632166941129,241.26666666666665,3.1333333333333333,0.3999999999999999,1.4415584415584415,0,low
159,1054,495,2024-02-23,Books,2.6,0,A159,77.0,82.0,3.1333333333333333,3.8,0.0,1.0,2.0,None,0.0,0.0,0.3333333333333333,0,2,4,0,5,218.2,1091,164.93241039892675,2.2685609532538957,1.6782632311653962,241.26666666666665,3.1333333333333333,0.10000000000000009,6.428571428571429,0,premium
159,1062,186,2024-03-02,Electronics,1.8,0,A159,77.0,82.0,3.1333333333333333,3.8,0.0,1.0,2.0,None,0.0,0.0,0.3333333333333333,0,3,5,1,5,218.2,1091,164.93241039892675,0.852428964252979,-0.19523148859655254,241.26666666666665,3.1333333333333333,-0.7,2.4155844155844157,0,medium
159,1103,221,2024-04-12,Electronics,1.4,0,A159,77.0,82.0,3.1333333333333333,3.8,0.0,1.0,2.0,None,0.0,0.0,0.3333333333333333,0,4,4,0,5,218.2,1091,164.93241039892675,1.0128322639780019,0.01697665118230899,241.26666666666665,3.1333333333333333,-1.1,2.8701298701298703,0,medium
160,1005,64,2024-01-05,Clothing,1.3,0,A160,72.66666666666667,89.0,2.5,2.9,0.3333333333333333,3.0,3.0,Instagram,0.0,0.6666666666666666,0.3333333333333333,1,1,4,0,1,64.0,64,0.0,1.0,0.0,181.66666666666669,0.8333333333333334,-1.616666666666667,0.8807339449541284,0,low
161,1038,333,2024-02-07,Clothing,2.6,0,A161,77.0,82.0,3.1333333333333333,3.8,0.0,1.0,2.0,None,0.0,0.0,0.3333333333333333,0,2,2,0,6,208.0,1248,167.9619004417371,1.6009615384615385,0.7442163947374494,241.26666666666665,3.1333333333333333,0.10000000000000009,4.324675324675325,0,high
161,1039,77,2024-02-08,Groceries,2.8,1,A161,77.0,82.0,3.1333333333333333,3.8,0.0,1.0,2.0,None,0.0,0.0,0.3333333333333333,0,2,3,0,6,208.0,1248,167.9619004417371,0.3701923076923077,-0.779938781684847,241.26666666666665,3.1333333333333333,0.2999999999999998,1.0,0,low
161,1041,93,2024-02-10,Electronics,1.2,0,A161,77.0,82.0,3.1333333333333333,3.8,0.0,1.0,2.0,None,0.0,0.0,0.3333333333333333,0,2,5,1,6,208.0,1248,167.9619004417371,0.44711538461538464,-0.6846790831584535,241.26666666666665,3.1333333333333333,-1.3,1.2077922077922079,0,low
161,1085,150,2024-03-25,Sports,2.7,0,A161,77.0,82.0,3.1333333333333333,3.8,0.0,1.0,2.0,None,0.0,0.0,0.3333333333333333,0,3,0,0,6,208.0,1248,167.9619004417371,0.7211538461538461,-0.3453164071581765,241.26666666666665,3.1333333333333333,0.20000000000000018,1.948051948051948,0,low
161,1094,103,2024-04-03,Groceries,1.4,0,A161,77.0,82.0,3.1333333333333333,3.8,0.0,1.0,2.0,None,0.0,0.0,0.3333333333333333,0,4,2,0,6,208.0,1248,167.9619004417371,0.4951923076923077,-0.6251417715794575,241.26666666666665,3.1333333333333333,-1.1,1.3376623376623376,0,low
161,1134,492,2024-05-13,Sports,1.3,0,A161,77.0,82.0,3.1333333333333333,3.8,0.0,1.0,2.0,None,0.0,0.0,0.3333333333333333,0,5,0,0,6,208.0,1248,167.9619004417371,2.3653846153846154,1.690859648843485,241.26666666666665,3.1333333333333333,-1.2,6.3896103896103895,0,premium
162,1079,101,2024-03-19,Books,4.2,0,A162,80.0,89.0,3.7,4.8,1.0,1.0,2.0,Twitter,0.0,0.0,1.0,1,3,1,0,2,222.0,444,171.1198410471445,0.45495495495495497,-0.7071067811865476,296.0,3.7,0.4500000000000002,1.2625,1,low
162,1116,343,2024-04-25,Books,1.4,0,A162,80.0,89.0,3.7,4.8,1.0,1.0,2.0,Twitter,0.0,0.0,1.0,1,4,3,0,2,222.0,444,171.1198410471445,1.545045045045045,0.7071067811865476,296.0,3.7,-2.35,4.2875,1,high
163,1022,220,2024-01-22,Groceries,2.7,0,A163,74.5,96.0,3.6,4.0,0.0,1.0,2.0,TikTok,0.0,1.0,0.0,1,1,0,0,2,357.5,715,194.45436482630058,0.6153846153846154,-0.7071067811865475,268.2,3.6,0.20000000000000018,2.953020134228188,1,medium
163,1044,495,2024-02-13,Sports,3.0,0,A163,74.5,96.0,3.6,4.0,0.0,1.0,2.0,TikTok,0.0,1.0,0.0,1,2,1,0,2,357.5,715,194.45436482630058,1.3846153846153846,0.7071067811865475,268.2,3.6,0.5,6.644295302013423,1,premium
164,1108,296,2024-04-17,Groceries,3.5,0,A164,77.0,82.0,3.1333333333333333,3.8,0.0,1.0,2.0,None,0.0,0.0,0.3333333333333333,0,4,2,0,2,326.5,653,43.1335136523794,0.9065849923430321,-0.7071067811865476,241.26666666666665,3.1333333333333333,1.0,3.844155844155844,0,medium
164,1142,357,2024-05-21,Sports,2.5,0,A164,77.0,82.0,3.1333333333333333,3.8,0.0,1.0,2.0,None,0.0,0.0,0.3333333333333333,0,5,1,0,2,326.5,653,43.1335136523794,1.0934150076569678,0.7071067811865476,241.26666666666665,3.1333333333333333,0.0,4.636363636363637,0,high
170,1063,367,2024-03-03,Books,1.3,0,A170,77.0,82.0,3.1333333333333333,3.8,0.0,1.0,2.0,None,0.0,0.0,0.3333333333333333,0,3,6,1,2,427.5,855,85.55992052357225,0.8584795321637427,-0.7071067811865476,241.26666666666665,3.1333333333333333,-1.2,4.766233766233766,0,high
170,1110,488,2024-04-19,Electronics,2.95,1,A170,77.0,82.0,3.1333333333333333,3.8,0.0,1.0,2.0,None,0.0,0.0,0.3333333333333333,0,4,4,0,2,427.5,855,85.55992052357225,1.1415204678362574,0.7071067811865476,241.26666666666665,3.1333333333333333,0.4500000000000002,6.337662337662338,0,premium
171,1004,256,2024-01-04,Clothing,2.8,0,A171,77.0,82.0,3.1333333333333333,3.8,0.0,1.0,2.0,None,0.0,0.0,0.3333333333333333,0,1,3,0,3,181.0,543,113.02654555457315,1.4143646408839778,0.6635609328057133,241.26666666666665,3.1333333333333333,0.2999999999999998,3.324675324675325,0,medium
171,1091,51,2024-03-31,Electronics,2.7,0,A171,77.0,82.0,3.1333333333333333,3.8,0.0,1.0,2.0,None,0.0,0.0,0.3333333333333333,0,3,6,1,3,181.0,543,113.02654555457315,0.281767955801105,-1.1501722835299029,241.26666666666665,3.1333333333333333,0.20000000000000018,0.6623376623376623,0,low
171,1128,236,2024-05-07,Clothing,1.3,0,A171,77.0,82.0,3.1333333333333333,3.8,0.0,1.0,2.0,None,0.0,0.0,0.3333333333333333,0,5,1,0,3,181.0,543,113.02654555457315,1.3038674033149171,0.4866113507241897,241.26666666666665,3.1333333333333333,-1.2,3.064935064935065,0,medium
172,1049,239,2024-02-18,Electronics,3.6,0,A172,56.0,56.0,2.7,2.7,-1.0,1.0,1.0,TikTok,1.0,0.0,0.0,1,2,6,1,2,206.0,412,46.66904755831214,1.1601941747572815,0.7071067811865476,151.20000000000002,2.7,2.35,4.267857142857143,0,medium
172,1127,173,2024-05-06,Books,1.4,0,A172,56.0,56.0,2.7,2.7,-1.0,1.0,1.0,TikTok,1.0,0.0,0.0,1,5,0,0,2,206.0,412,46.66904755831214,0.8398058252427184,-0.7071067811865476,151.20000000000002,2.7,0.1499999999999999,3.0892857142857144,0,medium
173,1084,162,2024-03-24,Electronics,5.0,0,A173,70.5,78.0,4.1,4.3,-1.0,2.0,2.0,Facebook,1.0,0.0,0.0,1,3,6,1,1,162.0,162,0.0,1.0,0.0,289.04999999999995,2.05,3.75,2.297872340425532,1,medium
174,1009,228,2024-01-09,Electronics,3.8,0,A174,79.5,95.0,3.3499999999999996,3.8,0.5,2.0,2.0,Facebook,0.0,0.5,0.5,1,1,1,0,2,170.0,340,82.02438661763951,1.3411764705882352,0.7071067811865476,266.325,1.6749999999999998,0.6749999999999998,2.8679245283018866,0,medium
174,1010,112,2024-01-10,Sports,2.6,0,A174,79.5,95.0,3.3499999999999996,3.8,0.5,2.0,2.0,Facebook,0.0,0.5,0.5,1,1,2,0,2,170.0,340,82.02438661763951,0.6588235294117647,-0.7071067811865476,266.325,1.6749999999999998,-0.5249999999999999,1.4088050314465408,0,low
175,1026,209,2024-01-26,Sports,1.1,0,A175,77.0,82.0,3.1333333333333333,3.8,0.0,1.0,2.0,None,0.0,0.0,0.3333333333333333,0,1,4,0,1,209.0,209,0.0,1.0,0.0,241.26666666666665,3.1333333333333333,-1.4,2.7142857142857144,0,medium
177,1068,221,2024-03-08,Groceries,1.3,0,A177,71.0,77.0,1.35,1.4,1.0,2.0,2.0,LinkedIn,0.0,0.0,1.0,1,3,4,0,3,192.33333333333334,577,24.846193538112303,1.1490467937608317,1.1537649267157972,95.85000000000001,0.675,-2.45,3.112676056338028,0,medium
177,1092,179,2024-04-01,Clothing,4.0,0,A177,71.0,77.0,1.35,1.4,1.0,2.0,2.0,LinkedIn,0.0,0.0,1.0,1,4,0,0,3,192.33333333333334,577,24.846193538112303,0.9306759098786828,-0.5366348496352551,95.85000000000001,0.675,0.25,2.5211267605633805,0,medium
177,1145,177,2024-05-24,Groceries,3.2,0,A177,71.0,77.0,1.35,1.4,1.0,2.0,2.0,LinkedIn,0.0,0.0,1.0,1,5,4,0,3,192.33333333333334,577,24.846193538112303,0.9202772963604853,-0.6171300770805433,95.85000000000001,0.675,-0.5499999999999998,2.492957746478873,0,medium
179,1036,490,2024-02-05,Clothing,1.7,0,A179,50.0,50.0,3.0,3.0,-1.0,1.0,1.0,Twitter,1.0,0.0,0.0,1,2,0,0,2,382.0,764,152.73506473629428,1.2827225130890052,0.7071067811865475,150.0,3.0,0.44999999999999996,9.8,0,premium
179,1097,274,2024-04-06,Groceries,4.3,0,A179,50.0,50.0,3.0,3.0,-1.0,1.0,1.0,Twitter,1.0,0.0,0.0,1,4,5,1,2,382.0,764,152.73506473629428,0.7172774869109948,-0.7071067811865475,150.0,3.0,3.05,5.48,0,medium
180,1069,201,2024-03-09,Electronics,2.3,0,A180,77.5,98.0,2.95,3.8,-1.0,2.0,2.0,LinkedIn,1.0,0.0,0.0,1,3,5,1,2,287.5,575,122.32947314527271,0.6991304347826087,-0.7071067811865476,228.625,1.475,1.0499999999999998,2.5935483870967744,0,medium
180,1118,374,2024-04-27,Electronics,1.2,0,A180,77.5,98.0,2.95,3.8,-1.0,2.0,2.0,LinkedIn,1.0,0.0,0.0,1,4,5,1,2,287.5,575,122.32947314527271,1.3008695652173914,0.7071067811865476,228.625,1.475,-0.050000000000000044,4.825806451612904,0,high
181,1098,434,2024-04-07,Clothing,3.0,1,A181,66.0,66.0,2.1,2.1,1.0,1.0,1.0,Twitter,0.0,0.0,1.0,1,4,6,1,1,434.0,434,0.0,1.0,0.0,138.6,2.1,-0.75,6.575757575757576,0,premium
182,1007,91,2024-01-07,Sports,4.9,0,A182,57.0,57.0,1.2,1.2,-1.0,1.0,1.0,Twitter,1.0,0.0,0.0,1,1,6,1,1,91.0,91,0.0,1.0,0.0,68.39999999999999,1.2,3.6500000000000004,1.5964912280701755,0,low
183,1060,247,2024-02-29,Electronics,4.8,0,A183,81.0,90.0,4.55,5.0,1.0,1.0,2.0,TikTok,0.0,0.0,1.0,1,2,3,0,1,247.0,247,0.0,1.0,0.0,368.55,4.55,1.0499999999999998,3.049382716049383,1,medium
184,1096,273,2024-04-05,Clothing,3.0,0,A184,77.0,82.0,3.1333333333333333,3.8,0.0,1.0,2.0,None,0.0,0.0,0.3333333333333333,0,4,4,0,1,273.0,273,0.0,1.0,0.0,241.26666666666665,3.1333333333333333,0.5,3.5454545454545454,0,medium
185,1139,197,2024-05-18,Sports,4.8,0,A185,69.25,90.0,2.725,3.6,0.25,2.0,4.0,TikTok,0.25,0.25,0.5,1,5,5,1,1,197.0,197,0.0,1.0,0.0,188.70625,1.3625,1.9874999999999998,2.844765342960289,0,medium
186,1008,429,2024-01-08,Clothing,4.3,0,A186,79.0,79.0,2.8,2.8,1.0,1.0,1.0,TikTok,0.0,0.0,1.0,1,1,0,0,2,349.0,698,113.13708498984761,1.2292263610315186,0.7071067811865475,221.2,2.8,0.5499999999999998,5.430379746835443,0,premium
186,1093,269,2024-04-02,Clothing,4.0,0,A186,79.0,79.0,2.8,2.8,1.0,1.0,1.0,TikTok,0.0,0.0,1.0,1,4,1,0,2,349.0,698,113.13708498984761,0.7707736389684814,-0.7071067811865475,221.2,2.8,0.25,3.4050632911392404,0,medium
187,1011,401,2024-01-11,Sports,1.7,0,A187,85.66666666666667,97.0,2.733333333333334,4.4,-0.6666666666666666,3.0,3.0,LinkedIn,0.6666666666666666,0.3333333333333333,0.0,1,1,3,0,5,372.6,1863,101.54949532124716,1.0762211486849167,0.2796665794365386,234.15555555555562,0.9111111111111113,0.03333333333333299,4.680933852140077,0,premium
187,1018,456,2024-01-18,Groceries,4.8,0,A187,85.66666666666667,97.0,2.733333333333334,4.4,-0.6666666666666666,3.0,3.0,LinkedIn,0.6666666666666666,0.3333333333333333,0.0,1,1,3,0,5,372.6,1863,101.54949532124716,1.2238325281803542,0.8212743917256103,234.15555555555562,0.9111111111111113,3.133333333333333,5.3229571984435795,0,premium
187,1112,233,2024-04-21,Sports,3.7,0,A187,85.66666666666667,97.0,2.733333333333334,4.4,-0.6666666666666666,3.0,3.0,LinkedIn,0.6666666666666666,0.3333333333333333,0.0,1,4,6,1,5,372.6,1863,101.54949532124716,0.6253354804079442,-1.374699101737353,234.15555555555562,0.9111111111111113,2.033333333333333,2.7198443579766534,0,medium
187,1115,304,2024-04-24,Sports,4.2,0,A187,85.66666666666667,97.0,2.733333333333334,4.4,-0.6666666666666666,3.0,3.0,LinkedIn,0.6666666666666666,0.3333333333333333,0.0,1,4,2,0,5,372.6,1863,101.54949532124716,0.8158883521202361,-0.6755326531460061,234.15555555555562,0.9111111111111113,2.533333333333333,3.5486381322957197,0,high
187,1135,469,2024-05-14,Books,4.9,0,A187,85.66666666666667,97.0,2.733333333333334,4.4,-0.6666666666666666,3.0,3.0,LinkedIn,0.6666666666666666,0.3333333333333333,0.0,1,5,1,0,5,372.6,1863,101.54949532124716,1.2587224906065484,0.9492907837212091,234.15555555555562,0.9111111111111113,3.2333333333333334,5.474708171206226,0,premium
188,1029,292,2024-01-29,Sports,1.2,0,A188,50.0,50.0,3.6,3.6,1.0,1.0,1.0,TikTok,0.0,0.0,1.0,1,1,0,0,4,274.75,1099,119.82035163805298,1.0627843494085532,0.1439655264249924,180.0,3.6,-2.55,5.84,1,medium
188,1053,332,2024-02-22,Groceries,3.3,0,A188,50.0,50.0,3.6,3.6,1.0,1.0,1.0,TikTok,0.0,0.0,1.0,1,2,3,0,4,274.75,1099,119.82035163805298,1.2083712465878071,0.477798631178598,180.0,3.6,-0.4500000000000002,6.64,1,high
188,1102,102,2024-04-11,Electronics,4.6,0,A188,50.0,50.0,3.6,3.6,1.0,1.0,1.0,TikTok,0.0,0.0,1.0,1,4,3,0,4,274.75,1099,119.82035163805298,0.37124658780709735,-1.4417417211546342,180.0,3.6,0.8499999999999996,2.04,1,low
188,1109,373,2024-04-18,Clothing,2.8,0,A188,50.0,50.0,3.6,3.6,1.0,1.0,1.0,TikTok,0.0,0.0,1.0,1,4,3,0,4,274.75,1099,119.82035163805298,1.3575978161965423,0.8199775635510438,180.0,3.6,-0.9500000000000002,7.46,1,high
189,1057,282,2024-02-26,Groceries,3.2,0,A189,82.5,99.0,3.5999999999999996,4.1,-0.5,4.0,4.0,TikTok,0.5,0.5,0.0,1,2,0,0,3,268.0,804,83.88086790204308,1.0522388059701493,0.16690337558678267,296.99999999999994,0.8999999999999999,1.3250000000000002,3.418181818181818,1,medium
189,1081,344,2024-03-21,Books,2.6,1,A189,82.5,99.0,3.5999999999999996,4.1,-0.5,4.0,4.0,TikTok,0.5,0.5,0.0,1,3,3,0,3,268.0,804,83.88086790204308,1.2835820895522387,0.9060468960425345,296.99999999999994,0.8999999999999999,0.7250000000000001,4.16969696969697,1,high
189,1149,178,2024-05-28,Sports,3.0,0,A189,82.5,99.0,3.5999999999999996,4.1,-0.5,4.0,4.0,TikTok,0.5,0.5,0.0,1,5,1,0,3,268.0,804,83.88086790204308,0.664179104477612,-1.0729502716293173,296.99999999999994,0.8999999999999999,1.125,2.1575757575757577,1,medium
190,1031,333,2024-01-31,Groceries,3.8,0,A190,82.0,82.0,4.8,4.8,0.0,1.0,1.0,Twitter,0.0,1.0,0.0,1,1,2,0,2,367.0,734,48.08326112068523,0.9073569482288828,-0.7071067811865476,393.59999999999997,4.8,1.2999999999999998,4.060975609756097,1,high
190,1140,401,2024-05-19,Sports,4.9,0,A190,82.0,82.0,4.8,4.8,0.0,1.0,1.0,Twitter,0.0,1.0,0.0,1,5,6,1,2,367.0,734,48.08326112068523,1.0926430517711172,0.7071067811865476,393.59999999999997,4.8,2.4000000000000004,4.890243902439025,1,premium
191,1034,94,2024-02-03,Electronics,3.0,0,A191,92.0,92.0,2.1,2.1,1.0,1.0,1.0,Facebook,0.0,0.0,1.0,1,2,5,1,2,277.0,554,258.8010819142764,0.33935018050541516,-0.7071067811865476,193.20000000000002,2.1,-0.75,1.0217391304347827,0,low
191,1061,460,2024-03-01,Sports,4.6,0,A191,92.0,92.0,2.1,2.1,1.0,1.0,1.0,Facebook,0.0,0.0,1.0,1,3,4,0,2,277.0,554,258.8010819142764,1.660649819494585,0.7071067811865476,193.20000000000002,2.1,0.8499999999999996,5.0,0,premium
192,1002,332,2024-01-02,Electronics,4.2,0,A192,60.0,60.0,4.3,4.3,1.0,1.0,1.0,Instagram,0.0,0.0,1.0,1,1,1,0,2,411.5,823,112.42997820866105,0.8068043742405833,-0.7071067811865476,258.0,4.3,0.4500000000000002,5.533333333333333,1,high
192,1078,491,2024-03-18,Books,3.9,0,A192,60.0,60.0,4.3,4.3,1.0,1.0,1.0,Instagram,0.0,0.0,1.0,1,3,0,0,2,411.5,823,112.42997820866105,1.1931956257594167,0.7071067811865476,258.0,4.3,0.1499999999999999,8.183333333333334,1,premium
194,1088,130,2024-03-28,Electronics,2.4,0,A194,89.0,89.0,4.0,4.0,-1.0,1.0,1.0,LinkedIn,1.0,0.0,0.0,1,3,3,0,1,130.0,130,0.0,1.0,0.0,356.0,4.0,1.15,1.4606741573033708,1,low
198,1137,395,2024-05-16,Books,2.5,0,A198,79.0,79.0,3.05,4.8,0.0,2.0,2.0,Facebook,0.5,0.0,0.5,1,5,3,0,2,430.5,861,50.204581464244875,0.9175377468060395,-0.7071067811865476,240.95,1.525,0.0,5.0,0,high
198,1143,466,2024-05-22,Books,2.6,1,A198,79.0,79.0,3.05,4.8,0.0,2.0,2.0,Facebook,0.5,0.0,0.5,1,5,2,0,2,430.5,861,50.204581464244875,1.0824622531939605,0.7071067811865476,240.95,1.525,0.10000000000000009,5.89873417721519,0,premium
199,1012,280,2024-01-12,Electronics,1.6,0,A199,57.0,57.0,1.8,1.8,1.0,1.0,1.0,LinkedIn,0.0,0.0,1.0,1,1,4,0,2,221.0,442,83.43860018001261,1.2669683257918551,0.7071067811865475,102.60000000000001,1.8,-2.15,4.912280701754386,0,medium
199,1086,162,2024-03-26,Books,2.5,0,A199,57.0,57.0,1.8,1.8,1.0,1.0,1.0,LinkedIn,0.0,0.0,1.0,1,3,1,0,2,221.0,442,83.43860018001261,0.7330316742081447,-0.7071067811865475,102.60000000000001,1.8,-1.25,2.8421052631578947,0,medium
